81d92351-c619-4585-9281-de33eaaabba4	TCGA-38-7271-01A	Primary Tumor
2e5071ce-d8cf-46e5-9cc0-91353f0d643c	TCGA-55-7914-01A	Primary Tumor
d3f1b81f-37ce-47b6-b98d-8530076007c7	TCGA-95-7043-01A	Primary Tumor
c568fdc8-6942-44ff-a9d9-3f7a03fdc62a	TCGA-73-4658-01A	Primary Tumor
dd6ec250-8d4d-4129-9664-7451c1760f4b	TCGA-86-8076-01A	Primary Tumor
9711a58c-08fc-428f-93a1-3d3db7df213e	TCGA-55-7726-01A	Primary Tumor
3c9960fd-92f3-4bab-9771-933c95edc37f	TCGA-44-6147-01A	Primary Tumor
b080156e-0711-42f5-83c7-a34de25cbba9	TCGA-50-5932-01A	Primary Tumor
c3e2e99a-537a-4263-a835-fef5ed2c3588	TCGA-44-2661-01A	Primary Tumor
cb59cd67-2756-45e1-80c7-67ad6d6823d4	TCGA-86-7954-01A	Primary Tumor
c140ee8e-c45f-47fb-b214-c3c8cdde972e	TCGA-64-5775-01A	Primary Tumor
38bc7dc7-3a4f-4fd9-ad6d-306dc8a3b7f6	TCGA-73-4662-01A	Primary Tumor
1a4c524e-8e75-436e-8ccf-cce6ae3d6eb3	TCGA-44-7671-01A	Primary Tumor
c97d6c2a-9866-4893-8cff-ee747c4a4550	TCGA-78-8660-01A	Primary Tumor
0869efb9-b167-45af-8b2c-67433e39baad	TCGA-62-A46P-01A	Primary Tumor
97541ffe-94e7-4130-9bac-65528de8d6f5	TCGA-86-7955-01A	Primary Tumor
bbb426a9-806b-4417-a3cd-4dd1b0c87792	TCGA-55-6978-11A	Solid Tissue Normal
371fd35f-eb3c-4346-8197-8ecf4c9ce220	TCGA-50-6592-01A	Primary Tumor
242a2880-95da-453f-892d-fafd49a4865e	TCGA-38-4625-01A	Primary Tumor
1d8df3eb-b059-47f7-b3fa-f4eb3f568423	TCGA-80-5611-01A	Primary Tumor
ad6ae9d2-c6f5-4686-9b3c-45ea130493f3	TCGA-55-6986-01A	Primary Tumor
04778fc1-a821-4029-a383-d88e711f3bee	TCGA-L9-A5IP-01A	Primary Tumor
09f9f414-db5b-4b54-9e8e-234bf9d7c678	TCGA-69-7764-01A	Primary Tumor
1876b908-e911-464f-be23-2b4eae0a43b6	TCGA-49-6744-01A	Primary Tumor
f93cc1fb-b3d9-4b1e-94bf-54e40b505b34	TCGA-75-5125-01A	Primary Tumor
e6e83fd4-2f80-44e1-8dce-588a37308dbb	TCGA-38-4626-11A	Solid Tissue Normal
8a884668-03c2-44bb-8ea0-5b0d0bc68aa4	TCGA-69-7763-01A	Primary Tumor
5dd8168d-fe35-4a32-8520-1deaef953b10	TCGA-86-8279-01A	Primary Tumor
d86a1079-2f10-4c42-9b6a-14498715c4ad	TCGA-93-8067-01A	Primary Tumor
8d308359-6f2a-4c2a-a2e7-b1a3b8d79de9	TCGA-55-A48Y-01A	Primary Tumor
3f474548-c7b2-4d5e-9f8d-03c800a094fe	TCGA-55-6986-11A	Solid Tissue Normal
9bdba133-a1e0-4482-add2-af6493ebdbe5	TCGA-86-8055-01A	Primary Tumor
b6d704be-2e8f-40cc-9c09-ffde6be5c814	TCGA-91-6835-11A	Solid Tissue Normal
1a06f92b-21c5-4666-b666-8b9135a4482a	TCGA-55-6982-11A	Solid Tissue Normal
023a34d9-c000-4053-b695-5b984b4a6fc1	TCGA-55-A4DF-01A	Primary Tumor
3cd897bd-893e-4497-b9a5-56141816cff4	TCGA-44-6774-01A	Primary Tumor
cb6a3198-2662-4150-bee9-51b692968209	TCGA-50-5066-01A	Primary Tumor
b0dc4a18-3099-46fc-a518-9e411c6c15f3	TCGA-05-5423-01A	Primary Tumor
d00354a6-0cdd-42c0-8d0c-1f87f4fdc843	TCGA-67-3774-01A	Primary Tumor
270a13b3-158c-4251-8c6a-5bc5275e0ebb	TCGA-97-A4M2-01A	Primary Tumor
b5b25f89-cd67-44e5-89bd-be2bc1def4d8	TCGA-95-7567-01A	Primary Tumor
cc640c34-516e-4cd8-a32c-d6f9b856696d	TCGA-49-AAR0-01A	Primary Tumor
e17426a8-cf69-4ed4-b54e-cc33cbadf095	TCGA-05-5428-01A	Primary Tumor
77819b24-ea90-427b-8a99-c9a90417c903	TCGA-44-2656-01A	Primary Tumor
9835daf0-92cc-4237-838d-b122a15aa1f1	TCGA-53-7813-01A	Primary Tumor
7a176670-7636-4329-951b-c118b816cfca	TCGA-O1-A52J-01A	Primary Tumor
58dcd45a-714f-4a22-b367-813dd41829de	TCGA-35-4122-01A	Primary Tumor
c4bcc6b0-96a1-452b-9169-b4a16bcb9403	TCGA-44-2656-01B	Primary Tumor
133bfadb-ed2e-4b10-a5bf-46d31ade6dd4	TCGA-55-8092-01A	Primary Tumor
ca8dc4e0-e8d2-4574-b3a0-74b058bd2b96	TCGA-49-6761-11A	Solid Tissue Normal
43b8c3f7-2d0b-4020-807d-b7386825ecc0	TCGA-49-4507-01A	Primary Tumor
215f38d1-a17c-4189-97f6-ae20361b0f3f	TCGA-55-7816-01A	Primary Tumor
50966d1a-3934-4fb5-9fc4-71f399cf5105	TCGA-78-7145-01A	Primary Tumor
1120d776-47df-4f72-862e-427d3c44dd43	TCGA-53-7624-01A	Primary Tumor
92b4ef29-b45a-4ec4-9251-8d6fb32cde90	TCGA-97-A4M3-01A	Primary Tumor
6d4fc521-df92-4d04-8118-d363ac31bfa8	TCGA-50-5068-01A	Primary Tumor
669ce970-42a3-4797-bf9c-0de40a021bbf	TCGA-78-7163-01A	Primary Tumor
0052ae83-7ae5-470a-a125-5cd94a9fa9e9	TCGA-35-5375-01A	Primary Tumor
ab3c7d7c-7ad0-4f26-9991-ddd288598936	TCGA-78-8648-01A	Primary Tumor
2d99f93c-797e-49a5-8892-a4e31e17b9c3	TCGA-44-6778-11A	Solid Tissue Normal
5695292b-7c39-4ee6-94e8-987f4a456635	TCGA-80-5608-01A	Primary Tumor
bbbd3cd5-cfd3-418b-ab3a-243de430a5e1	TCGA-86-8281-01A	Primary Tumor
48d5fe32-37ca-4717-af64-1343a3561849	TCGA-MP-A4T6-01A	Primary Tumor
74b6cce1-6a5b-4f86-8f41-d842106bfe8f	TCGA-55-8085-01A	Primary Tumor
cc481383-4ebf-410c-8dd7-ef0b117bd035	TCGA-62-8399-01A	Primary Tumor
f90939c7-6e24-4aa5-8c34-c1fc1b79e485	TCGA-97-A4M5-01A	Primary Tumor
7f70c9bb-a18a-45e8-8177-34145a6c0dc9	TCGA-97-7547-01A	Primary Tumor
2a9f6775-bb04-4262-9eb2-d64a8e027010	TCGA-05-5429-01A	Primary Tumor
69a379e5-c8ba-43ed-b267-bad111c851fb	TCGA-55-7994-01A	Primary Tumor
51ec5a15-11e8-435a-a3e0-2a99690309b9	TCGA-55-8094-01A	Primary Tumor
ac98f8d2-fdc4-4925-8fce-7e86d7b89dec	TCGA-44-3918-01B	Primary Tumor
e6629c88-a050-41ed-afe7-e74255f4d3b1	TCGA-05-4425-01A	Primary Tumor
9af8b2eb-3dbb-4688-a5fd-15abc0460f57	TCGA-44-4112-01A	Primary Tumor
38cc1ced-6874-4aed-ab73-8c6344564cd6	TCGA-49-6767-01A	Primary Tumor
eac45bfd-6795-47a4-8d6b-5a7c8bc76cd1	TCGA-49-4490-11A	Solid Tissue Normal
8ddad1cb-d2ab-4fbf-865e-f134fcce0194	TCGA-MP-A4T9-01A	Primary Tumor
2f2cc9dc-1d0a-4302-b674-02d56c259ff3	TCGA-49-4490-01A	Primary Tumor
361e4878-4535-499d-9987-7295a078bbee	TCGA-50-5942-01A	Primary Tumor
968c4aa2-2bcd-4823-b7fa-fbedc41ddb25	TCGA-MP-A4SV-01A	Primary Tumor
3ceb828a-3612-46e8-89c5-397cb20e5356	TCGA-49-AAR4-01A	Primary Tumor
ba3e1d1e-3193-4770-9c57-b4ff1502af38	TCGA-05-4397-01A	Primary Tumor
2bbe47a1-f055-43e7-94d3-06aafb5af6e8	TCGA-44-A47A-01A	Primary Tumor
bae501f3-c0ba-4646-8027-0623869176f4	TCGA-86-8359-01A	Primary Tumor
27884724-a2c0-4b3e-921a-54e5f8bf1faa	TCGA-78-7539-01A	Primary Tumor
c343f781-c1df-4349-aab3-f159329a11da	TCGA-MP-A4T8-01A	Primary Tumor
e98c7df6-1a65-41a0-9182-c752c89eafc7	TCGA-99-8032-01A	Primary Tumor
f700b996-2ccf-4f59-9249-da7f087054ba	TCGA-50-6595-11A	Solid Tissue Normal
29dd3ad7-f2c6-4abf-8e81-6734e4bd8a6a	TCGA-55-6968-11A	Solid Tissue Normal
78d70b30-8812-4802-bca7-f1b8135b9cbd	TCGA-44-8120-01A	Primary Tumor
b5df8e57-5822-4192-a4a4-398d11e9d968	TCGA-55-8302-01A	Primary Tumor
515aa64c-316b-497e-b877-7ab0c89a58bd	TCGA-99-8025-01A	Primary Tumor
503df94c-0048-4f7b-b957-3f8304be73f0	TCGA-64-1679-01A	Primary Tumor
850bb68e-cea7-4d66-b044-24dbef74e255	TCGA-44-A479-01A	Primary Tumor
648b0d02-f264-4d88-9997-baed8f000a60	TCGA-MP-A5C7-01A	Primary Tumor
cb061496-b611-48bb-9484-c6ca07f9951e	TCGA-64-5778-01A	Primary Tumor
d72c21fe-ff33-4f1e-a138-420968f1daf4	TCGA-55-6971-01A	Primary Tumor
119e7a6c-7fd1-4a2d-bfdc-35cb13d39414	TCGA-49-AARN-01A	Primary Tumor
ca34be5f-799c-4df4-af91-ec8a9e958d6c	TCGA-44-A47B-01A	Primary Tumor
7a3f27a9-476d-43e2-abb8-db402f80dfcf	TCGA-55-5899-01A	Primary Tumor
d05a80fc-d08a-47df-b7cd-0172b9977d46	TCGA-49-AAQV-01A	Primary Tumor
490ee22a-f171-4f7f-9d49-835afe7388c1	TCGA-99-8028-01A	Primary Tumor
cde8569f-d0a0-4f05-a86e-0f9d84361faf	TCGA-75-6205-01A	Primary Tumor
63f5b69e-2307-4be6-98e4-b0f57b6394d0	TCGA-97-8552-01A	Primary Tumor
41e96482-bc24-4a1a-8ef2-8ef4d525ad40	TCGA-50-6591-01A	Primary Tumor
26ea6a31-ea33-4bb9-814f-c0840dafe69e	TCGA-05-5425-01A	Primary Tumor
8a518a19-2c85-42ec-b027-47139aa442d4	TCGA-78-7150-01A	Primary Tumor
0c09a94d-8885-49fb-91c1-aa0ebf52386a	TCGA-86-A4P7-01A	Primary Tumor
e20ecad8-f22d-4e2d-99af-bc1be98c5128	TCGA-49-4512-01A	Primary Tumor
901c6ff1-19bf-48d8-894d-766f1995a916	TCGA-55-8206-01A	Primary Tumor
d2436cea-20c9-4c32-98d3-61eb445865be	TCGA-55-8614-01A	Primary Tumor
21285d92-3596-4a82-91ae-a99e22479a3c	TCGA-64-5815-01A	Primary Tumor
0765d9e8-0fec-46bc-832a-89945435d5b1	TCGA-L9-A50W-01A	Primary Tumor
a60f0ff5-6f4c-43a1-8dda-10b882880bfc	TCGA-73-4675-01A	Primary Tumor
754343b4-f9f5-478a-a076-2791b8857c3e	TCGA-55-7995-01A	Primary Tumor
3aa81439-d4cc-41ef-9568-e6a11c8b1b52	TCGA-05-4433-01A	Primary Tumor
3563bce2-6547-4081-883e-1e7e498c83be	TCGA-55-7727-01A	Primary Tumor
5f2d965a-25df-4736-a675-efeb59341a04	TCGA-44-2668-01A	Primary Tumor
5caf3127-967f-4d07-b49d-7126728e2048	TCGA-44-A4SU-01A	Primary Tumor
94d8b11e-0198-4f40-987a-44691b3b03fa	TCGA-55-7907-01A	Primary Tumor
0905662e-ae14-4807-94ef-69db108fa2ee	TCGA-69-7765-01A	Primary Tumor
68b00cb6-4335-4c64-a3e0-0c29ed574480	TCGA-55-6972-01A	Primary Tumor
a4b8b2f2-6a56-4999-bd95-c2c8e4aa3bd0	TCGA-55-6972-11A	Solid Tissue Normal
42be8d70-f8a0-49ea-94a9-58e320337843	TCGA-49-4487-01A	Primary Tumor
a4377fa6-f7e2-4289-ac2d-3cc87b6cc289	TCGA-44-2662-11A	Solid Tissue Normal
946692ad-ed52-4bd8-85ac-efe5178b15b4	TCGA-44-2662-01A	Primary Tumor
a5407526-9c45-427b-abcc-65d6e1f87158	TCGA-67-6216-01A	Primary Tumor
cce2b6af-bff9-4ad0-805d-b32aa6fae985	TCGA-55-7283-01A	Primary Tumor
afa5c7c4-02f8-4417-873c-378937f5fbbb	TCGA-86-8280-01A	Primary Tumor
94861d8a-3b40-4334-9fb5-c9df71a1e1da	TCGA-91-6840-01A	Primary Tumor
6c66987a-38f6-4125-8ac1-aa55921fcc26	TCGA-78-7154-01A	Primary Tumor
5ecf82a3-8658-4a64-a14c-fc5d1d6f56f8	TCGA-55-7815-01A	Primary Tumor
e824e07e-86cd-43eb-8f36-c60f36194f3c	TCGA-49-4488-01A	Primary Tumor
091d2c9e-a8cb-4212-a434-7c7d4fd75f7b	TCGA-44-5645-01B	Primary Tumor
bfecde55-3ed3-4977-899b-d7c22b6df15b	TCGA-93-7348-01A	Primary Tumor
4dbd91d6-8d7b-4e6d-9dc1-3347c3f3996d	TCGA-78-7147-01A	Primary Tumor
09296d1f-9877-438d-96d8-7b4cc52940dd	TCGA-55-6984-01A	Primary Tumor
27450388-ffc7-4812-b5b4-9819b0a74a0b	TCGA-50-5941-01A	Primary Tumor
466db517-921b-47e8-b249-b4c9bd714bfd	TCGA-69-7978-01A	Primary Tumor
1098101e-1770-4055-ae41-d6c15e1c7b90	TCGA-78-7220-01A	Primary Tumor
fc732523-d387-4a1d-ab81-34e44e869bac	TCGA-44-2665-01B	Primary Tumor
56e9a740-ee72-4c10-a90d-921034141b42	TCGA-44-2665-11A	Solid Tissue Normal
927beddd-e0e7-4695-b744-79f27519389e	TCGA-55-8616-01A	Primary Tumor
de18a680-86a5-4319-a332-42227d490aa5	TCGA-44-A4SS-01A	Primary Tumor
334cc9fa-3e9b-4462-b84d-dc595e89d537	TCGA-55-7570-01A	Primary Tumor
df03bdab-42a9-4467-a767-b584bb60e926	TCGA-78-7146-01A	Primary Tumor
d7439e19-2ab4-4209-9628-16e6ae6bc11e	TCGA-78-7155-01A	Primary Tumor
f73807f5-edf8-4a4d-8550-048d9c5413e5	TCGA-44-3398-01A	Primary Tumor
b0eade9b-2ce4-4ffd-9db3-56958b452af6	TCGA-05-5420-01A	Primary Tumor
148c1368-6302-4daf-b389-2c92f5da0529	TCGA-50-5072-01A	Primary Tumor
5ddf8f4a-edd8-4b97-8d4d-76655d9018c5	TCGA-05-4396-01A	Primary Tumor
9dffc7c0-da78-48a9-b438-a4886a45048e	TCGA-05-4405-01A	Primary Tumor
2ff24c33-39c6-4171-af42-f54e4ee8b021	TCGA-50-5935-11A	Solid Tissue Normal
6855a406-c085-45c7-b789-981786f0c775	TCGA-38-4629-01A	Primary Tumor
38259364-ebcb-4f5f-8471-8ffe7e3267a7	TCGA-05-4410-01A	Primary Tumor
e4988cad-67b9-41a6-9640-2226d6b7424a	TCGA-73-4676-11A	Solid Tissue Normal
906a6a3f-91ce-4433-9a0d-e010a61782f0	TCGA-44-7661-01A	Primary Tumor
b4de06a8-883b-4d02-afc6-d926c588c4ee	TCGA-05-4384-01A	Primary Tumor
eac5ebd0-d788-4908-8eb7-976d6b611667	TCGA-44-2655-01A	Primary Tumor
ac9d6b6d-37e9-44ca-9f70-0e6351c39341	TCGA-80-5607-01A	Primary Tumor
67543f50-3821-4723-842d-3924b9a32142	TCGA-67-3770-01A	Primary Tumor
4320b770-69f3-4dd2-afea-8b7f7cdf44c2	TCGA-73-4676-01A	Primary Tumor
e1a4e922-876b-45d1-8fb6-5d39dbf6ff60	TCGA-91-6836-11A	Solid Tissue Normal
d2000aa0-a3c5-4155-8995-80ec5f4436e2	TCGA-95-7562-01A	Primary Tumor
4b2e6f07-59e6-47c0-85ea-1e73f3354a01	TCGA-55-8511-01A	Primary Tumor
a5c19494-731c-4519-b8a7-b7307aea2f9c	TCGA-44-6776-11A	Solid Tissue Normal
e7ae9253-4c2d-41bd-9d3a-c37e9841f479	TCGA-91-6836-01A	Primary Tumor
218eb2f2-24b1-4e41-9071-26ed97a2edc1	TCGA-95-7948-01A	Primary Tumor
d3d249ab-0483-4e9c-99f3-07afb5b6dabc	TCGA-50-5935-01A	Primary Tumor
a4ed7fd8-e220-46e6-90f7-3b208dbf4e05	TCGA-91-7771-01A	Primary Tumor
b6a0d742-e7bc-4d67-8014-675e62f1ddd0	TCGA-MN-A4N5-01A	Primary Tumor
efc4983d-f573-4996-bf5c-5aaa1aafd730	TCGA-73-4677-01A	Primary Tumor
477d7181-e081-4577-ac06-e508b1239989	TCGA-78-7540-01A	Primary Tumor
ffec28dd-cc44-4057-bcc3-ccc0cd2331c2	TCGA-91-6829-01A	Primary Tumor
169b5555-f64c-4bbd-9c07-af0c42ddb6aa	TCGA-78-8640-01A	Primary Tumor
76cc364e-8214-4a17-8083-9ea80e74c400	TCGA-62-8398-01A	Primary Tumor
c7ee3fa6-4a2f-4824-a098-91ce6c1223c3	TCGA-55-8512-01A	Primary Tumor
de0b900f-151a-4173-a070-3ec31ec05aed	TCGA-83-5908-01A	Primary Tumor
1860869f-ecb5-43ae-9714-328ff5748c2a	TCGA-55-6987-01A	Primary Tumor
de82c428-0b33-48e0-a337-42ac0a434a24	TCGA-93-A4JP-01A	Primary Tumor
f7d58012-79f4-440f-add6-8a00728e96ba	TCGA-73-A9RS-01A	Primary Tumor
de26de4a-c738-4a8b-a44a-0eab208c0db2	TCGA-L4-A4E5-01A	Primary Tumor
5c32fbb8-55ee-4bc9-a0db-d8ac0b04bdc4	TCGA-55-6982-01A	Primary Tumor
347db78b-ddfc-46ed-9fe4-0ca52ac432ef	TCGA-50-5066-02A	Recurrent Tumor
8e14dba9-6132-483c-892b-b244704fdc38	TCGA-91-6835-01A	Primary Tumor
201c0fbc-124c-4ef0-b767-393443a47892	TCGA-44-2656-01A	Primary Tumor
64c35a37-5b92-4e2e-831d-9bbe50401dd5	TCGA-86-8074-01A	Primary Tumor
5ecec8fc-845f-43cf-82c3-73dea85cc53c	TCGA-86-8358-01A	Primary Tumor
1d7b2b60-11d7-4803-8c7f-45fc6ce45a25	TCGA-78-7158-01A	Primary Tumor
65f85615-96a2-4b3c-ac05-ab67d0bf9e99	TCGA-91-8497-01A	Primary Tumor
5b99d571-43d2-4d26-9a3b-0a299a0ce048	TCGA-49-6761-01A	Primary Tumor
3ca2ec6c-4134-4595-9c5e-68c886d3aa1c	TCGA-49-AARO-01A	Primary Tumor
e0d8cd2d-967f-4b04-afa9-3aca54bcaf5d	TCGA-78-7159-01A	Primary Tumor
47fc2fd2-84ce-49e2-8481-407d7a639042	TCGA-55-7227-01A	Primary Tumor
4f59681b-3811-4569-aa50-ed031f7e370a	TCGA-86-7714-01A	Primary Tumor
a9e3a464-50ea-49a0-9482-1513ed167bf4	TCGA-L9-A7SV-01A	Primary Tumor
231aa983-3ef3-476b-bdb3-bab9d66f71e6	TCGA-78-7143-01A	Primary Tumor
249b6388-cdcd-477a-9461-cf0e41146230	TCGA-91-8499-01A	Primary Tumor
842cb3d6-6ca5-4924-a7bb-98720352b548	TCGA-49-AAR3-01A	Primary Tumor
0c212a58-9a27-4850-bb22-540502e893dc	TCGA-55-8620-01A	Primary Tumor
157223aa-aab5-4522-8ff2-8104ea3561d9	TCGA-69-8255-01A	Primary Tumor
576ad342-ce70-4c3c-b69d-8f1f5c4cd358	TCGA-75-6207-01A	Primary Tumor
b45e937f-da60-4259-8fa2-e64ee4fdbe95	TCGA-62-A46Y-01A	Primary Tumor
46a5c6c0-f460-4036-b3e6-eea9ec82ea14	TCGA-NJ-A4YF-01A	Primary Tumor
472406b3-cc1a-407e-bf38-a79046cfa952	TCGA-91-6830-01A	Primary Tumor
c5a1245e-f3c5-4f42-afd6-9b12f01a6445	TCGA-44-6778-01A	Primary Tumor
37fe51a0-c056-492e-b0c5-eb0502d73416	TCGA-62-8395-01A	Primary Tumor
313f5ae9-bbea-41d6-82d5-9242b2610d91	TCGA-49-4486-01A	Primary Tumor
bd98b566-f179-4be8-8b4d-672149eedcba	TCGA-44-6145-11A	Solid Tissue Normal
1c5de7db-7e05-4289-ace6-b59b6e2392e7	TCGA-86-A4P8-01A	Primary Tumor
25857230-7253-4929-a790-90815194b213	TCGA-78-7537-01A	Primary Tumor
55bbaa27-e618-48d6-bac3-80e9cfbcdf2c	TCGA-44-3919-01A	Primary Tumor
5a7bd024-3d92-4e64-86bd-b6eea34f6526	TCGA-35-4123-01A	Primary Tumor
7f827e47-e374-4c0e-8fec-b53018bfad03	TCGA-62-8394-01A	Primary Tumor
fb60fc57-836c-42e1-bc96-042b82d1a878	TCGA-62-A46U-01A	Primary Tumor
f19a1a66-ddc9-4567-80db-d009bb455b25	TCGA-97-7554-01A	Primary Tumor
404b3699-4707-49aa-b0d2-a0999bbd48e6	TCGA-50-6673-01A	Primary Tumor
8fadb6d4-de92-4301-9b6e-7dd857fec978	TCGA-95-7039-01A	Primary Tumor
a14f02d4-6d07-409d-af7a-5d5f23640ad6	TCGA-95-7944-01A	Primary Tumor
5fa5664e-daf5-4082-8d39-703a5d650e43	TCGA-55-8301-01A	Primary Tumor
bec02792-06e1-4789-871d-b5b4a5989786	TCGA-78-7152-01A	Primary Tumor
780617e8-6a28-4774-b1e6-3135e1932327	TCGA-05-4390-01A	Primary Tumor
0737eb23-c066-4522-8f5c-dbb4b3b516b0	TCGA-44-7659-01A	Primary Tumor
85c794c1-3fd0-4a10-a613-9db7eff3c78f	TCGA-49-4514-01A	Primary Tumor
864c2830-c699-433c-bcba-20f0c692854a	TCGA-55-A490-01A	Primary Tumor
d8334fd5-d042-48b4-95f5-4d5e3c5166e9	TCGA-MP-A4TE-01A	Primary Tumor
f47927c5-e1e9-4152-9817-79aa6e64111a	TCGA-44-2668-01A	Primary Tumor
55831884-c907-457d-bb2c-7c7b3f7c4cd1	TCGA-44-2668-11A	Solid Tissue Normal
3e6105ba-3a23-4ac6-bf0d-1193fb2e679e	TCGA-44-2668-01B	Primary Tumor
b53ceb0c-a338-46e2-a0e6-224dec5ea807	TCGA-97-A4M1-01A	Primary Tumor
9123a775-d686-49ab-90e7-0dc572c2fcaf	TCGA-75-6206-01A	Primary Tumor
58390e08-43b2-4517-b57c-ff899594e55a	TCGA-86-8671-01A	Primary Tumor
aaa72a07-5214-4145-9fb5-99c22b7c248a	TCGA-78-7160-01A	Primary Tumor
306febc7-f9b2-493a-9520-b9700d0f3e47	TCGA-64-1681-01A	Primary Tumor
3c0ce8a7-a730-4f1a-9e03-335b3e36849b	TCGA-49-4494-01A	Primary Tumor
caa4bc15-6e54-4d5e-9d91-c25e800b71b9	TCGA-50-5946-01A	Primary Tumor
a0fce6cc-a525-4970-82b7-8512bb0708b3	TCGA-55-7913-01B	Primary Tumor
254bed99-398d-4c34-a804-67516d257e70	TCGA-44-6779-01A	Primary Tumor
4089d037-ab25-47a6-be68-19742473cbc6	TCGA-49-AARE-01A	Primary Tumor
4981d1f3-2824-4cd0-81b8-e12a9727a248	TCGA-05-4403-01A	Primary Tumor
2bf191f1-b880-427e-996c-0e75df13d738	TCGA-44-2662-01A	Primary Tumor
30e51b69-6778-4125-bb18-86694d42a6e9	TCGA-99-AA5R-01A	Primary Tumor
6d0c282d-43d7-44fb-94e6-25771385e326	TCGA-73-4659-01A	Primary Tumor
892294a6-6b94-4284-bae3-9eb0bdc853f6	TCGA-05-4415-01A	Primary Tumor
12c95903-cae1-4f9f-97c7-05ab05f4fd7f	TCGA-50-8457-01A	Primary Tumor
a912206f-60e9-4564-9d84-db9c3ee75343	TCGA-75-5147-01A	Primary Tumor
3976128b-36ba-4bf0-8121-867e89aba2c9	TCGA-55-8507-01A	Primary Tumor
7cf36ebf-b16e-49ac-bcc4-b127b1f2a3da	TCGA-78-7536-01A	Primary Tumor
b6c69243-9731-4578-b037-ac997cbdc7dc	TCGA-95-A4VK-01A	Primary Tumor
08971a88-cb64-4030-93e5-08d77d2ed654	TCGA-38-4627-01A	Primary Tumor
edfdd711-4764-43a7-9948-4320dc17b2b1	TCGA-67-6215-01A	Primary Tumor
577f10d0-c9a2-47c3-aa2f-b1bd5bd86d90	TCGA-69-7973-01A	Primary Tumor
20daa4af-7d88-42c8-9279-34372e687e5d	TCGA-05-5715-01A	Primary Tumor
89785c02-2345-4fa3-b73b-4d9da706c972	TCGA-75-7030-01A	Primary Tumor
52363b7b-f157-4fbe-8388-169b6152c9fe	TCGA-44-2666-01A	Primary Tumor
7666bfbe-6803-4b5d-b3b4-e9069fc4bea5	TCGA-62-A472-01A	Primary Tumor
40dba5d9-ce2e-483b-b4a7-19fbca8158e5	TCGA-55-6985-01A	Primary Tumor
f0890456-1013-4e8a-9132-f05e2a1be5f2	TCGA-44-2666-01B	Primary Tumor
bd820f5e-c8fd-4af5-b81c-2c51715cd759	TCGA-J2-A4AG-01A	Primary Tumor
0f37f5ba-3582-4c61-8c70-bf9b0ede6e71	TCGA-97-A4LX-01A	Primary Tumor
cb93a89c-f291-4042-a988-0fb1b392e4d7	TCGA-55-6543-01A	Primary Tumor
86757083-5e47-423f-91e3-5f2ad6779b27	TCGA-97-7938-01A	Primary Tumor
9726aa3d-8a66-4568-92e5-c092c05a9a5d	TCGA-35-3615-01A	Primary Tumor
e39f6bf6-2206-45f2-a1c0-81fc1d858fd2	TCGA-44-2657-11A	Solid Tissue Normal
f8d97584-0c4f-4bb1-b4a7-77d87aabc852	TCGA-55-8505-01A	Primary Tumor
93db566e-8ff9-45b0-afa2-0fbe82b8f580	TCGA-44-2657-01A	Primary Tumor
6525f4e0-ba79-4576-89b3-df0ab6e45309	TCGA-97-8175-01A	Primary Tumor
951f2356-17f4-4f4f-a8ec-855c7e93dce1	TCGA-49-4510-01A	Primary Tumor
7a59e84b-2d4a-4148-966d-7eadeb61ef38	TCGA-MP-A4TK-01A	Primary Tumor
db61f20e-e44a-4992-a9f6-b54fc2dedfb6	TCGA-50-5044-01A	Primary Tumor
ba8aebd8-07de-46c0-a28f-b2408c36f07f	TCGA-44-2665-01A	Primary Tumor
72db648d-0ff7-418b-b7bd-590eda282f74	TCGA-05-4250-01A	Primary Tumor
5d65e761-0cb3-4e52-b14f-79be5850dba4	TCGA-44-3398-11B	Solid Tissue Normal
6508912f-5f91-43e6-8e63-9233bf3e81eb	TCGA-97-7937-01A	Primary Tumor
db9bab18-a465-445f-a4fd-dc90faa1da6d	TCGA-64-5774-01A	Primary Tumor
3604ee2d-3fdc-40fa-95ab-a3f420334ac5	TCGA-86-8674-01A	Primary Tumor
8e510682-b05c-4792-a149-d713db6d082d	TCGA-50-6590-01A	Primary Tumor
62cdda72-a90e-49e7-9423-24540d696049	TCGA-75-5146-01A	Primary Tumor
dc782ae2-13ec-4fcd-bae7-cafa8280d5ee	TCGA-44-6144-11A	Solid Tissue Normal
06a639d9-ade5-4cbb-91b0-a41449ce4f49	TCGA-78-8662-01A	Primary Tumor
3f441cc8-98bd-4650-b5ad-19ae8542b666	TCGA-91-6829-11A	Solid Tissue Normal
eeacf4ac-09cf-41a8-8066-c38a173e61b4	TCGA-55-7911-01A	Primary Tumor
71ac888b-0acc-4cfd-a21a-4c9ff8d06bf9	TCGA-86-8585-01A	Primary Tumor
9c7f6057-8225-4447-adb3-aed12aa974ad	TCGA-49-6744-11A	Solid Tissue Normal
505bfb1f-dc96-4f7e-ba2c-8e20eb0e1f6c	TCGA-64-1680-01A	Primary Tumor
975121d2-ba5d-4b2c-bd50-278311c7144a	TCGA-97-A4M6-01A	Primary Tumor
ef2621f5-ec61-42ee-879f-9d7615372a5e	TCGA-75-6214-01A	Primary Tumor
a8252e2f-1dbd-4f3c-9e11-599a33d6fd24	TCGA-55-6980-11A	Solid Tissue Normal
8a2d17e2-4ec1-42b6-8825-6d80ffe4b916	TCGA-97-7553-01A	Primary Tumor
b06a3383-3a16-4f91-91c4-71cad60dae4b	TCGA-55-A48X-01A	Primary Tumor
49453e81-56b8-43b7-b56f-6195038a1142	TCGA-64-1677-01A	Primary Tumor
7181e057-0ec7-410b-b0fe-ff8de3d14d98	TCGA-73-7498-01A	Primary Tumor
ace52699-f049-4a11-ab3d-ce3719c62e41	TCGA-38-6178-01A	Primary Tumor
c69e8ef1-57a7-439a-9b05-66f14b019322	TCGA-44-7670-01A	Primary Tumor
03680aea-84a2-4775-bb9c-24f8c5907247	TCGA-62-A471-01A	Primary Tumor
b91d8293-6331-4f76-98f0-335ebce83539	TCGA-49-4505-01A	Primary Tumor
3c421a7f-8bde-4b4b-90e5-cf0ea11274ab	TCGA-NJ-A7XG-01A	Primary Tumor
aab3583f-37ca-4f2f-8428-aa8eda2c2274	TCGA-55-6981-11A	Solid Tissue Normal
3d08a99f-46c1-4e06-a042-521a54ebbe1e	TCGA-91-6848-01A	Primary Tumor
2f6e63bb-17bd-4b53-8666-45c7159aa1f4	TCGA-55-8090-01A	Primary Tumor
6ac6539b-76a3-4b1c-8da3-6d621308454a	TCGA-55-7725-01A	Primary Tumor
25f44be3-2e4f-4121-ac23-21bd3866dbce	TCGA-05-4434-01A	Primary Tumor
765f26d4-120a-459d-90c7-74a8532b407c	TCGA-55-6979-01A	Primary Tumor
4297f902-2495-48fb-af36-31e61f727215	TCGA-05-4427-01A	Primary Tumor
4c2a4d47-67dd-4c12-8f3b-1c55eb6fd00e	TCGA-55-8615-01A	Primary Tumor
8148f34c-1ddd-454a-8761-8b76e97e8534	TCGA-50-5939-01A	Primary Tumor
7429ab01-a223-4be3-9b41-99100ea06d99	TCGA-05-4418-01A	Primary Tumor
7a26df49-5d12-4dc2-b686-07e015a415b0	TCGA-67-6217-01A	Primary Tumor
9db8b103-5f3a-439b-993c-14879744c30a	TCGA-49-6745-01A	Primary Tumor
24079217-3899-4843-81fc-638293771d93	TCGA-49-6745-11A	Solid Tissue Normal
aabb1f03-8a4e-4d38-b09e-d9b56b5b921c	TCGA-55-1595-01A	Primary Tumor
359d07bf-89e3-49fd-8237-723ffb299cfb	TCGA-44-2661-11A	Solid Tissue Normal
736227d9-3cee-40ed-bdec-0e88968ef179	TCGA-44-6776-01A	Primary Tumor
2e0c7cfb-2794-4c86-b43e-8215c39186d8	TCGA-05-4402-01A	Primary Tumor
f2d6b758-501e-447a-a3d0-f899e532ac84	TCGA-05-4382-01A	Primary Tumor
458042ad-bec8-4433-80da-70f517a440f7	TCGA-55-7576-01A	Primary Tumor
88885dc7-5edd-4fac-95f8-9586880078a8	TCGA-44-3917-01B	Primary Tumor
81152340-ffac-4122-8b21-bef3a474a18e	TCGA-50-5939-11A	Solid Tissue Normal
269a7c8d-f4d6-4f1a-a85b-874934f214b9	TCGA-67-3773-01A	Primary Tumor
0f01f50f-495a-455d-986d-28c65e345a80	TCGA-78-7633-01A	Primary Tumor
a777fb14-4498-4f32-bccb-1e8521567302	TCGA-55-6981-01A	Primary Tumor
f6582ef5-5f6d-41d7-850a-614257c9e3b2	TCGA-50-6597-01A	Primary Tumor
dc8e99bb-f021-44e4-8c60-213405ee156a	TCGA-44-2659-01A	Primary Tumor
d4778869-f3f2-481b-ab02-65a654128766	TCGA-44-2655-11A	Solid Tissue Normal
8a898b7d-6f1b-4d2a-9f5d-0751ced1d7bf	TCGA-95-7947-01A	Primary Tumor
69e97c5b-4c8a-4710-a0f6-48ebfd917f5a	TCGA-55-7724-01A	Primary Tumor
911a72ec-dcb3-4454-8f22-7bd4f9d29b21	TCGA-J2-A4AD-01A	Primary Tumor
3e752bb7-c91d-46f8-ba39-a40e26357b4d	TCGA-55-8091-01A	Primary Tumor
b9ac77d6-9a1b-443d-8ef5-e8ef2e3008dd	TCGA-55-1592-01A	Primary Tumor
f4288244-7a1c-4a61-98f6-6c1a06ccde2d	TCGA-73-4670-01A	Primary Tumor
9ffe0bdc-838e-4715-8fd3-31f032c8f46e	TCGA-55-1594-01A	Primary Tumor
bdae198f-aedf-46cc-8156-c1ec37eac88f	TCGA-44-6147-11A	Solid Tissue Normal
9a64a124-9787-4378-ba01-b79aa183f25f	TCGA-44-6147-01A	Primary Tumor
75473987-65e2-43eb-a5bb-04cb7a40c902	TCGA-50-5932-11A	Solid Tissue Normal
9a6d8661-241e-4a3e-a6fa-e2eb1962b758	TCGA-44-6147-01B	Primary Tumor
3ce6800e-9df0-45a7-9e18-7e141911e4e9	TCGA-55-6979-11A	Solid Tissue Normal
8b26e78c-f162-48fc-8c1b-9628baa3ca62	TCGA-55-8621-01A	Primary Tumor
929473bf-434c-438e-b16c-c34bfb0b98ea	TCGA-50-5051-01A	Primary Tumor
8b55c916-963b-41d6-b7ce-7e8ccf958c80	TCGA-49-4501-01A	Primary Tumor
d88c062b-3c19-46e9-92b8-b80f6c3eef56	TCGA-J2-8194-01A	Primary Tumor
b0b5b05d-f782-449d-94cf-8fd74a4bd30c	TCGA-44-3917-01A	Primary Tumor
e585878b-98af-4e3f-b03c-6b5a4e7a202c	TCGA-44-8119-01A	Primary Tumor
c96036a1-2f21-47fc-a5ea-54389bf26502	TCGA-55-8203-01A	Primary Tumor
0e6fc8f1-34ca-4f3b-9d71-5a867e5efb07	TCGA-97-8177-01A	Primary Tumor
4f00f94a-f0db-4840-a230-3bc9866bc184	TCGA-55-7573-01A	Primary Tumor
8af996d7-2c5e-4d17-b1a5-8751f4784eba	TCGA-55-8089-01A	Primary Tumor
739b3fc4-0924-4d13-aecc-acc93cb9f486	TCGA-38-4630-01A	Primary Tumor
41f852c7-01e8-46b3-8082-da2e00a4ef9d	TCGA-78-7166-01A	Primary Tumor
cab5b00a-9cf2-4e1f-b2f3-93d27b73631e	TCGA-38-4631-01A	Primary Tumor
e6b0ab3e-2b95-4803-91f8-cfa385fe0386	TCGA-55-1596-01A	Primary Tumor
deddc259-f962-468a-bfcf-60da1e695833	TCGA-55-6978-01A	Primary Tumor
1529d8e6-10d2-4e7c-bfb1-66820434c835	TCGA-91-A4BD-01A	Primary Tumor
29bb005f-53d0-44e6-8626-d6bbe0dba8be	TCGA-67-3771-01A	Primary Tumor
19bb0296-340e-4594-9a87-4134b15c7187	TCGA-J2-8192-01A	Primary Tumor
661b6fed-d56a-452b-adaa-4b48ee9f4dbb	TCGA-38-4625-11A	Solid Tissue Normal
bae11f13-84a4-4fe3-b9e4-9d48b74896af	TCGA-55-A48Z-01A	Primary Tumor
24fa0c9f-c679-486d-846a-66fbc8d30b0a	TCGA-86-6851-01A	Primary Tumor
94613d97-0a68-4212-beef-3c97a0b363ef	TCGA-50-5931-11A	Solid Tissue Normal
932ccb56-ad41-40a0-9ab3-21f490c60af5	TCGA-97-7552-01A	Primary Tumor
0344d3bb-8bb2-459e-bc1f-ba31c7470d08	TCGA-MP-A4T4-01A	Primary Tumor
7bc6d1c2-7d78-4b67-9c0d-8a836047f721	TCGA-L4-A4E6-01A	Primary Tumor
db07bd22-cf7a-4504-9491-1bdeb1e14339	TCGA-44-5643-01A	Primary Tumor
d1a18468-9c02-4d61-8e3e-43a6d23d402e	TCGA-38-4626-01A	Primary Tumor
4b11527c-fb98-4ad4-aaac-6f0c6c1d185c	TCGA-55-6980-01A	Primary Tumor
df452e00-a7e9-4045-83fb-623885a542d4	TCGA-MP-A4TD-01A	Primary Tumor
ef337612-6a73-4c29-a8b0-85557cbeaff4	TCGA-05-4244-01A	Primary Tumor
94913b2f-256e-4487-90ed-2c9b3869ca6b	TCGA-50-5930-11A	Solid Tissue Normal
5f4fa91b-489e-4ac9-b685-53952f77bd7a	TCGA-44-6777-01A	Primary Tumor
a6298ad5-dd68-44f6-85cf-f1d2c7673aa3	TCGA-44-6777-11A	Solid Tissue Normal
06d5f913-5f62-4200-8a51-26c8fa2052b4	TCGA-05-4430-01A	Primary Tumor
f1b1d4ff-2556-44c0-80b0-1fd3b659c227	TCGA-05-4426-01A	Primary Tumor
beb3712d-76e3-4c3a-becb-c94048ea8a7f	TCGA-44-6775-01A	Primary Tumor
b9610938-1f47-4556-ae92-794df8ae6401	TCGA-44-6775-01C	Primary Tumor
65b91a69-f98e-49b5-8f87-667dd0aeafdf	TCGA-05-4420-01A	Primary Tumor
f51ce896-53bf-4f3b-ac5f-a499b84a7add	TCGA-55-8506-01A	Primary Tumor
475fdbbb-3d3a-4d56-8d0e-34dfb8cb6346	TCGA-44-7672-01A	Primary Tumor
ab24be1b-969c-48f2-bc98-8b89bc719b4c	TCGA-62-8402-01A	Primary Tumor
990303de-eff3-4418-b305-9bf63236826f	TCGA-86-8056-01A	Primary Tumor
60477322-5657-495a-8ce3-4f806acd3dcb	TCGA-05-4422-01A	Primary Tumor
b7b898c7-f63f-43d3-864a-406e842db2fe	TCGA-75-7027-01A	Primary Tumor
ad636e79-be59-4821-8303-7d2e7389b22f	TCGA-78-7535-01A	Primary Tumor
3d6cb261-d0c4-4e98-8918-d7d678cb97ae	TCGA-50-8460-01A	Primary Tumor
bb69e798-8c83-4c12-b622-3155e1972e6f	TCGA-75-7031-01A	Primary Tumor
9bd26335-dd71-4821-b7d1-a4e24430fbb3	TCGA-L9-A444-01A	Primary Tumor
7b3f1e0a-2d0a-40a6-9ccd-deb403fd2f16	TCGA-73-4666-01A	Primary Tumor
8be349eb-2407-4f51-809a-ceb5542e0cf1	TCGA-86-7953-01A	Primary Tumor
15a57d06-841c-473e-b89e-389f1df3504a	TCGA-86-A4D0-01A	Primary Tumor
140633c2-a8e9-4a2d-a044-082cd099ff98	TCGA-NJ-A4YQ-01A	Primary Tumor
895ca581-915e-4057-b66a-dc2d5213d7e4	TCGA-44-6145-01A	Primary Tumor
12f5eaa4-9f64-4465-bfa6-3d9307e9f980	TCGA-91-8496-01A	Primary Tumor
58b3d72d-6cff-4c5c-9317-13d88cd17b79	TCGA-67-3772-01A	Primary Tumor
7f67633b-3eba-4891-94aa-b3e38f6927ae	TCGA-55-7281-01A	Primary Tumor
07a53d2a-ebf6-4517-880a-064bae5ee972	TCGA-05-4424-01A	Primary Tumor
36432508-6673-489b-aefe-d172b83abac2	TCGA-69-A59K-01A	Primary Tumor
0766019a-c9b7-4224-973e-f1cfa16082ac	TCGA-75-7025-01A	Primary Tumor
1e2233cf-4391-433c-9ef0-c215056ad02e	TCGA-44-4112-01A	Primary Tumor
cc1174cd-f902-46f0-9e69-b285b2b1317c	TCGA-44-3918-01A	Primary Tumor
44964e02-9283-4a48-a9e4-006a75d4120e	TCGA-55-8514-01A	Primary Tumor
978939fa-a27f-46ff-9120-7a43e3588b28	TCGA-44-4112-01B	Primary Tumor
cff4fca2-d0e1-4e90-9d3c-639f995fc9ed	TCGA-44-3918-01A	Primary Tumor
b7006975-82c2-4fcc-855d-5ef024ef3d4f	TCGA-95-8494-01A	Primary Tumor
84f2b69e-86e5-4bf6-a11c-289b1971775f	TCGA-05-4395-01A	Primary Tumor
e6543906-a4e3-447c-8040-310979304204	TCGA-44-8117-01A	Primary Tumor
76ac1fee-bf40-463f-a4d8-cb9affe0e7c5	TCGA-55-8204-01A	Primary Tumor
a71c722c-3483-4910-926d-c79b6c9a4e7d	TCGA-50-5933-11A	Solid Tissue Normal
a412b415-0692-4adf-8447-067ad69913d7	TCGA-50-5933-01A	Primary Tumor
5ef157e9-bb3d-4214-a946-f5bc2bbf74b6	TCGA-MN-A4N1-01A	Primary Tumor
ae037177-0902-4c94-8e3c-632e240d3945	TCGA-55-7903-01A	Primary Tumor
508c6166-6095-4133-a42a-79d75b0c0e31	TCGA-86-8669-01A	Primary Tumor
9bf51961-c60a-43df-87eb-a64dae9e4e10	TCGA-55-6970-01A	Primary Tumor
f7c8bdd7-48f6-4ecd-a4ae-78ffcb2fb28d	TCGA-50-6594-01A	Primary Tumor
51054c11-8e2f-4f52-bdaf-ebb515508a28	TCGA-86-8075-01A	Primary Tumor
ed3bcbbc-0f04-415f-a083-e34cefa9e310	TCGA-MP-A4TF-01A	Primary Tumor
d21e7461-c76d-4ae7-be02-313c3c34118d	TCGA-69-7760-01A	Primary Tumor
a35c257e-f8b8-4d58-8ecb-92b1b0bc59f3	TCGA-78-7161-01A	Primary Tumor
ad8bf3fe-2831-4c1c-81f9-c65e09b2d45e	TCGA-91-6849-01A	Primary Tumor
22cae278-eb88-4685-9ff7-667e53b50a34	TCGA-99-8033-01A	Primary Tumor
c79162f6-be6e-46b1-aca7-438423fed6c3	TCGA-55-8205-01A	Primary Tumor
da428df4-37ee-43d6-9090-7b94d67968e9	TCGA-55-8510-01A	Primary Tumor
2fe6f165-3396-4abd-a0cd-07968d826828	TCGA-91-6828-11A	Solid Tissue Normal
3361d7bc-344b-44b2-97bd-ac0dc79b221f	TCGA-50-5049-01A	Primary Tumor
9f0a9ce9-6258-4a82-84c1-dc017a7eb760	TCGA-99-7458-01A	Primary Tumor
05fa4573-6ca5-40dc-a48b-ec847b7c58ad	TCGA-49-AARR-01A	Primary Tumor
2fa40914-d149-4f67-aa78-64723258314f	TCGA-MP-A4TC-01A	Primary Tumor
32046abb-8476-4e4f-8090-1ce003107490	TCGA-91-6847-01A	Primary Tumor
82a68e91-48cc-400b-8520-4abcbff1a163	TCGA-49-AARQ-01A	Primary Tumor
9f01664c-19be-4841-afb4-297483d22ec8	TCGA-91-6847-11A	Solid Tissue Normal
8dbb93bd-bf45-4148-acdb-6609d5c4a1e3	TCGA-55-6975-11A	Solid Tissue Normal
64101504-305f-4c62-bc27-40493e3c9575	TCGA-75-6203-01A	Primary Tumor
e9d3cac1-3a16-4e21-8fe8-a4944ce82cb8	TCGA-49-6743-01A	Primary Tumor
d3986831-ba2a-4a25-8eb0-b074cbd7edac	TCGA-55-7574-01A	Primary Tumor
9940e2a8-6a68-4482-a1bc-2a6edb7d52cd	TCGA-78-8655-01A	Primary Tumor
7d27e93b-f225-4b30-91b7-5b968d04d783	TCGA-05-4389-01A	Primary Tumor
66e79734-9053-4f61-9a32-bee376f5dab0	TCGA-86-7701-01A	Primary Tumor
7671d2c4-d6da-46d5-8ef0-baab496456d2	TCGA-91-6831-11A	Solid Tissue Normal
5a37129a-9672-4fda-8576-e7de1db7b2c2	TCGA-38-4627-11A	Solid Tissue Normal
14d76abd-84f2-4875-8d03-5a27b4505715	TCGA-91-6831-01A	Primary Tumor
4e27513c-172b-4d19-a397-ade6df353e6c	TCGA-97-A4M0-01A	Primary Tumor
df86c451-62c7-43bc-9b11-463181a5a98a	TCGA-44-5645-11A	Solid Tissue Normal
1c9ada61-d900-4498-9ef1-14a91212faf6	TCGA-44-5645-01A	Primary Tumor
ce886e9b-2167-486f-8d8a-d4fec39d86c9	TCGA-50-6593-01A	Primary Tumor
5601dc73-ba9b-4f53-95ef-5fc3de23640c	TCGA-44-5645-01A	Primary Tumor
a135a2b4-bc6a-4dd6-baa9-f08ab2d4971a	TCGA-86-6562-01A	Primary Tumor
85feefbe-6aad-430b-a882-c71e4a5d1e07	TCGA-62-A46S-01A	Primary Tumor
36c7d3a4-193f-49fd-b367-e7aacc4eebe2	TCGA-44-2666-01A	Primary Tumor
2c81c69f-e08a-4586-b3f9-33d4af417d1f	TCGA-86-A4JF-01A	Primary Tumor
6c20a899-c806-46d0-b744-a26e53a9cb45	TCGA-55-6985-11A	Solid Tissue Normal
f2dbb2df-c98b-42d1-9fad-9708bc42fa03	TCGA-J2-A4AE-01A	Primary Tumor
a4c14abb-5b10-41df-9da5-39f1ee194b7c	TCGA-55-8087-01A	Primary Tumor
72d9c332-92e3-4f9c-899d-1de9969b1bd6	TCGA-78-7542-01A	Primary Tumor
443ccb95-79d0-47ea-9915-18d5bc10eac4	TCGA-78-7148-01A	Primary Tumor
af2c7fc6-003d-4c41-bba5-95a005699a57	TCGA-55-A493-01A	Primary Tumor
32876f27-f304-4be0-8881-f9842a9fbb67	TCGA-91-A4BC-01A	Primary Tumor
2281a9d6-bd48-418a-9ad1-04b06a251e47	TCGA-05-4432-01A	Primary Tumor
dba9c344-546c-49db-91df-abd25ae4b0cc	TCGA-55-6712-01A	Primary Tumor
dcff773b-20f4-4c90-9a3f-78ef2e0f484e	TCGA-4B-A93V-01A	Primary Tumor
45fe5e83-1e4a-4e0a-ac03-62ef32a90e77	TCGA-93-7347-01A	Primary Tumor
7f9624e7-0e7b-4a2b-8413-1737f0f7c1d0	TCGA-86-8668-01A	Primary Tumor
53b14fb6-9f29-412a-921b-49e270fa2039	TCGA-55-6984-11A	Solid Tissue Normal
775f63d2-d752-4d68-abc1-129fce5c3301	TCGA-MP-A4TI-01A	Primary Tumor
e0ff7e04-078a-46a4-ac8c-8a287c1d608e	TCGA-69-8254-01A	Primary Tumor
82e982fc-138a-48f8-8127-fb20caa019a2	TCGA-64-1678-01A	Primary Tumor
a62db40f-4e4f-496c-84ed-ab9500b89757	TCGA-64-1676-01A	Primary Tumor
fd52d8a9-e044-4f17-861a-9780752b20ee	TCGA-62-A46V-01A	Primary Tumor
4bd86df0-6768-4741-8d01-51fe34dd57fd	TCGA-78-7167-01A	Primary Tumor
e8da0b02-8b75-4a85-b91a-6f8d1582a95c	TCGA-44-2665-01A	Primary Tumor
75719c78-9935-40e0-bd30-1f8eec34badf	TCGA-55-7284-01B	Primary Tumor
5edfb99b-ef38-4f97-a59b-efea8738442c	TCGA-78-7162-01A	Primary Tumor
69933ac8-e7a7-43b6-8231-2ecb35f88d52	TCGA-50-5931-01A	Primary Tumor
bb5264e1-0dbf-4b28-9fbe-0a8602c13369	TCGA-75-6212-01A	Primary Tumor
23ab7447-ba7a-4947-bacf-2c0b209b38cf	TCGA-44-5644-01A	Primary Tumor
2a7831f2-aa57-4e6f-92b3-0a7a727d5637	TCGA-55-8299-01A	Primary Tumor
667a9066-debb-4f43-94f7-3277e66d8991	TCGA-75-6211-01A	Primary Tumor
555bdfe8-80bb-46db-80f1-421038f5c2b4	TCGA-MP-A4SW-01A	Primary Tumor
c2accf79-6461-4082-b201-c6f881dc6ea2	TCGA-78-7149-01A	Primary Tumor
deb2d529-5ea7-4a41-be07-f9239d7ac759	TCGA-S2-AA1A-01A	Primary Tumor
d84121c5-5421-43a4-825a-40f357ecc97b	TCGA-95-A4VN-01A	Primary Tumor
18be89fe-3383-45a2-9c0e-b1246e88c82d	TCGA-55-8096-01A	Primary Tumor
a308da6a-7eec-4a96-8884-d6ea49637744	TCGA-05-4398-01A	Primary Tumor
de38d138-723c-4256-98f4-2788f7cf1e87	TCGA-97-8171-01A	Primary Tumor
df504497-a30e-4a11-a62f-dcb46e741dfb	TCGA-50-5930-01A	Primary Tumor
0ece8b9b-d1c3-4f03-b70d-6bc06c6f52ce	TCGA-55-A492-01A	Primary Tumor
d23c89e5-b295-40b7-a5e8-ee1d4a584dd4	TCGA-71-8520-01A	Primary Tumor
bbb70a6e-a91c-4c67-9ec0-b33185ab4f8d	TCGA-44-3396-01A	Primary Tumor
f8cee5c6-bfd7-439d-8ba7-20ee2dfa5d68	TCGA-44-3396-11A	Solid Tissue Normal
aca8bace-37c5-4ec0-958c-13907ae97d1f	TCGA-55-A57B-01A	Primary Tumor
9796354a-6ac6-466b-a82b-f1e9785bc447	TCGA-L9-A443-01A	Primary Tumor
3baa9c28-dfb3-4ec3-9e3c-1d2f1421b00f	TCGA-55-A4DG-01A	Primary Tumor
bbea4239-0ce8-4540-8818-d73d076b3aa6	TCGA-44-6775-01A	Primary Tumor
77b2c8e8-d630-4b66-be6e-db594df4e0ec	TCGA-67-4679-01B	Primary Tumor
dfc3bc40-b667-4f75-a932-4074c0b0c408	TCGA-64-5781-01A	Primary Tumor
2ab0f01f-2f66-4489-9de7-2a0d61b6ea04	TCGA-93-A4JO-01A	Primary Tumor
e3339500-9481-4a24-a3b8-65b86dabc920	TCGA-NJ-A4YP-01A	Primary Tumor
87d1edd3-df03-4046-a888-86baa85639b6	TCGA-69-7974-01A	Primary Tumor
d54e9279-578f-40cd-8e55-fbd7af5279dd	TCGA-MP-A4T7-01A	Primary Tumor
40e350a6-fda3-43ff-9405-bda7a7c534ae	TCGA-55-6642-01A	Primary Tumor
1bcb7da3-a08e-4f9d-a960-fe7bdfe4222c	TCGA-49-AAR9-01A	Primary Tumor
15998b11-5041-4e2d-94d9-cf714c796c13	TCGA-69-8253-01A	Primary Tumor
320660cd-100a-4f5a-a604-4de3ced7f042	TCGA-05-4249-01A	Primary Tumor
9ffe8343-d98f-4c5f-b29a-cbcbdac0c008	TCGA-44-7669-01A	Primary Tumor
1f911a28-0d7a-4f57-b358-cc6277b2008b	TCGA-71-6725-01A	Primary Tumor
cba15984-128b-4bd9-8202-14afbf1f74b2	TCGA-73-7499-01A	Primary Tumor
9ee64463-e09f-4983-b83d-a6a5481cab9a	TCGA-MP-A4TH-01A	Primary Tumor
87b32d0a-6e9c-466d-a563-688142d3df95	TCGA-55-8208-01A	Primary Tumor
129f7ee5-6342-4a24-9317-d52462ce6a70	TCGA-78-7156-01A	Primary Tumor
13f74ba9-96c5-4074-9589-3ce0e183c0e9	TCGA-75-5122-01A	Primary Tumor
89bdfb20-8991-4bc4-b112-6e9be096b566	TCGA-55-6970-11A	Solid Tissue Normal
0e9c2659-4131-4274-b0b4-3e191239f5f3	TCGA-50-6595-01A	Primary Tumor
e173308d-ac80-4c15-9b0e-e5cb09321a56	TCGA-50-7109-01A	Primary Tumor
db5e9553-ca85-4dcd-9229-2ac1ba208d52	TCGA-NJ-A55R-01A	Primary Tumor
89bf9c33-c1b4-4786-821f-802cf36eed43	TCGA-44-7667-01A	Primary Tumor
883bbed6-0216-48c2-9694-5dba83ce65c7	TCGA-55-6968-01A	Primary Tumor
3973bbdc-bc07-4deb-955b-3c40e88a68be	TCGA-NJ-A4YG-01A	Primary Tumor
52d91ece-345c-4c5d-800a-121955b93c66	TCGA-86-A456-01A	Primary Tumor
665a7af8-9c2d-4a31-9a22-da89fc7107b2	TCGA-38-4632-01A	Primary Tumor
54a00dd0-503f-471f-88e4-8d6fcdcf8483	TCGA-38-4632-11A	Solid Tissue Normal
16dc015e-0f5b-4278-a0cb-9ae30a280161	TCGA-97-8174-01A	Primary Tumor
6b6751a5-2dad-4bb4-bfae-b2239770fad8	TCGA-MP-A4SY-01A	Primary Tumor
bb64143e-c48a-45c7-914b-4ec5bcea9e27	TCGA-91-6849-11A	Solid Tissue Normal
bca264e4-3883-409f-ad4e-f56f81c7c93e	TCGA-62-8397-01A	Primary Tumor
c36f84e5-8c59-46fe-af32-7f70684383b2	TCGA-55-6971-11A	Solid Tissue Normal
8be16a1a-383f-4365-b1e5-139b1625e3ce	TCGA-L9-A8F4-01A	Primary Tumor
e1638627-67cc-44f9-9a79-6748968a06af	TCGA-75-5126-01A	Primary Tumor
afdf58d1-5814-4e78-a92e-26fbcc97da32	TCGA-91-6828-01A	Primary Tumor
692a5c89-8f1a-4e23-a490-b092c6bb37c5	TCGA-MP-A4TA-01A	Primary Tumor
8b071bf3-0d85-4aba-aa46-d0800dcc8640	TCGA-86-7711-01A	Primary Tumor
09fb135f-1c19-45d6-ae31-a8c32a0e06bf	TCGA-49-4512-11A	Solid Tissue Normal
e4bb1f41-bf42-43f3-aba5-98f3a02a7e03	TCGA-50-5045-01A	Primary Tumor
385d903b-bab4-4c2e-8334-3a304d1a56fa	TCGA-55-6975-01A	Primary Tumor
62560d5c-0cae-4fc7-820a-9c1236eb2c80	TCGA-05-4417-01A	Primary Tumor
d52fa71c-9f59-407e-8481-d0ac47ba88b2	TCGA-44-7660-01A	Primary Tumor
987832ae-aab4-430f-abc1-8783736fbe69	TCGA-55-A491-01A	Primary Tumor
c48eecc3-0099-4dd4-b319-f13ad65bdc7e	TCGA-49-6743-11A	Solid Tissue Normal
51847dea-489f-4df9-84f8-26a6f2579620	TCGA-L9-A743-01A	Primary Tumor
4c37a5fe-812f-42ac-aa56-259b31df6894	TCGA-55-A494-01A	Primary Tumor
ea47f0f6-aad1-4149-afb6-2026f64935f5	TCGA-44-7662-01A	Primary Tumor
b5b3c685-304f-4279-904a-c86c18f61576	TCGA-55-7910-01A	Primary Tumor
6feef177-114c-4285-b242-481fe0aea551	TCGA-69-7980-01A	Primary Tumor
614afd6a-05ff-4914-896c-3ac4280e510d	TCGA-49-4506-01A	Primary Tumor
87b1a89f-591c-4d6b-929d-2eae2951740e	TCGA-55-8097-01A	Primary Tumor
239d18cb-2886-48a0-9a3d-76558819dabd	TCGA-73-4668-01A	Primary Tumor
3362c701-3af3-4947-983a-6039b67d1526	TCGA-86-8672-01A	Primary Tumor
ece9f585-2710-4e10-b292-c5fbf588eda9	TCGA-86-8673-01A	Primary Tumor
c2371da5-868b-4788-91ec-c9d4bd8d8085	TCGA-78-7153-01A	Primary Tumor
656fd74d-49d8-40a5-8eb9-dac0fbe4ea2d	TCGA-97-A4M7-01A	Primary Tumor
12272d02-341e-43a2-aa23-7232a8dde730	TCGA-62-A46R-01A	Primary Tumor
fdcad604-c1b4-40ff-a652-3c1e5fe5f9a1	TCGA-50-5055-01A	Primary Tumor
8cdb3ed5-5922-4833-b255-30d9322f8fe9	TCGA-38-4628-01A	Primary Tumor
eb29ba2f-e237-403c-ab72-a5dfae705b05	TCGA-50-5946-02A	Recurrent Tumor
db0caa6a-e863-4dad-a911-0c69127be9df	TCGA-86-7713-01A	Primary Tumor
08d83462-5fcb-40c6-9d44-dbc42faa4df6	TCGA-86-8073-01A	Primary Tumor
1ab1279d-7ccd-4450-8de8-9987bf6627dd	TCGA-44-2662-01B	Primary Tumor
7abd9747-a947-4b15-b51c-c82cda9f065c	TCGA-MN-A4N4-01A	Primary Tumor
f8670621-43a9-491c-81b7-8999ca9975a7	TCGA-53-7626-01A	Primary Tumor
63a884f4-0d20-4cb5-b485-72e066b6490f	TCGA-62-A46O-01A	Primary Tumor
38ec487d-0a4a-4287-9c14-4bfdb959b402	TCGA-44-A47G-01A	Primary Tumor
45d4b468-9089-46fd-8b5e-ad80a5148abd	TCGA-55-6969-01A	Primary Tumor
9ad544f6-b684-4a97-8d05-f812267962bb	TCGA-55-6969-11A	Solid Tissue Normal
